City_ID,City,Country,Lat,Lng,Max Temp,Humidity,Cloudiness,Wind Speed,Current Description
0,Kozhva,RU,65.1073,57.0459,44.47,73,73,14.56,broken clouds
1,Hobart,AU,-42.8794,147.3294,54.27,84,20,10.36,few clouds
2,Henties Bay,NA,-22.116,14.2845,58.87,85,0,8.03,clear sky
3,Albany,US,42.6001,-73.9662,74.73,56,100,3.0,overcast clouds
4,Cherskiy,RU,68.75,161.3,36.37,65,99,13.78,overcast clouds
5,Tiksi,RU,71.6872,128.8694,24.48,96,94,6.58,overcast clouds
6,Bredasdorp,ZA,-34.5322,20.0403,53.85,89,9,4.34,clear sky
7,Katsuura,JP,35.1333,140.3,68.02,88,100,22.17,light rain
8,Bluff,NZ,-46.6,168.3333,32.81,85,5,5.7,clear sky
9,Nanortalik,GL,60.1432,-45.2371,37.22,96,100,7.78,overcast clouds
10,Coihaique,CL,-45.5752,-72.0662,41.61,70,20,0.0,few clouds
11,Avarua,CK,-21.2078,-159.775,80.65,78,40,3.44,scattered clouds
12,Lebu,CL,-37.6167,-73.65,49.06,65,12,16.98,few clouds
13,East London,ZA,-33.0153,27.9116,62.13,80,100,5.57,overcast clouds
14,Esperance,AU,-33.8667,121.9,56.62,82,2,5.19,clear sky
15,Tuktoyaktuk,CA,69.4541,-133.0374,37.4,87,100,11.5,light rain
16,Port Alfred,ZA,-33.5906,26.891,57.18,94,39,3.0,scattered clouds
17,Rehoboth,NA,-23.3167,17.0833,61.97,22,0,5.28,clear sky
18,Hermanus,ZA,-34.4187,19.2345,54.81,83,30,8.21,scattered clouds
19,Torbay,CA,47.6666,-52.7314,42.89,71,20,17.27,few clouds
20,Santa Cruz,BO,-17.8,-63.1667,86.05,51,75,18.41,broken clouds
21,Comodoro Rivadavia,AR,-45.8667,-67.5,49.86,37,0,10.36,clear sky
22,Cape Town,ZA,-33.9258,18.4232,60.91,85,3,7.0,clear sky
23,Nantucket,US,41.2835,-70.0995,63.14,81,0,11.5,clear sky
24,Manokwari,ID,-0.8667,134.0833,77.65,78,99,4.92,overcast clouds
25,Busselton,AU,-33.65,115.3333,53.83,74,0,7.9,clear sky
26,Rikitea,PF,-23.1203,-134.9692,77.29,75,9,16.64,clear sky
27,Iqaluit,CA,63.7506,-68.5145,20.93,67,75,9.22,broken clouds
28,Puerto Ayora,EC,-0.7393,-90.3518,80.56,83,90,8.01,overcast clouds
29,Ushuaia,AR,-54.8,-68.3,35.26,80,100,32.21,snow
30,Mataura,NZ,-46.1927,168.8643,32.49,96,3,2.01,clear sky
31,Broken Hill,AU,-31.95,141.4333,52.88,85,0,6.73,clear sky
32,Butaritari,KI,3.0707,172.7902,80.87,70,95,8.7,overcast clouds
33,Luanda,AO,-8.8368,13.2343,75.2,73,0,6.91,clear sky
34,Milici,BA,44.1711,19.0903,61.97,97,95,1.36,overcast clouds
35,Port Elizabeth,ZA,-33.918,25.5701,57.09,97,0,5.75,clear sky
36,Gravdal,NO,68.1214,13.5031,55.29,71,75,4.61,broken clouds
37,Ribeira Grande,PT,38.5167,-28.7,64.8,82,20,14.97,few clouds
38,Praia Da Vitoria,PT,38.7333,-27.0667,65.75,82,40,11.48,scattered clouds
39,Yellowknife,CA,62.456,-114.3525,59.56,41,40,13.8,scattered clouds
40,Jimenez,MX,28.3333,-105.4,96.39,9,0,7.49,clear sky
41,Ternate,ID,0.8,127.4,80.17,80,70,4.59,broken clouds
42,Klaksvik,FO,62.2266,-6.589,47.32,76,20,12.03,light rain
43,Marsh Harbour,BS,26.5412,-77.0636,79.63,71,13,15.35,few clouds
44,Carnarvon,AU,-24.8667,113.6333,70.32,64,100,9.13,overcast clouds
45,San Rafael,AR,-34.6177,-68.3301,54.73,46,77,6.76,broken clouds
46,Shimoda,JP,34.6667,138.95,67.35,96,100,18.97,moderate rain
47,Verkhovazhye,RU,60.7472,42.0465,40.1,99,100,3.44,overcast clouds
48,Mahajanga,MG,-15.7167,46.3167,77.02,83,20,5.75,few clouds
49,Richards Bay,ZA,-28.783,32.0377,67.3,87,88,4.99,light rain
50,Pasaje,EC,-3.3333,-79.8167,76.71,66,61,6.53,light rain
51,Luganville,VU,-15.5333,167.1667,78.98,84,56,7.18,broken clouds
52,Upernavik,GL,72.7868,-56.1549,32.13,76,19,13.15,few clouds
53,Punta Arenas,CL,-53.15,-70.9167,42.91,61,0,13.8,clear sky
54,Sorong,ID,-0.8833,131.25,78.42,86,100,3.06,overcast clouds
55,Minnedosa,CA,50.2453,-99.8436,73.96,43,9,7.99,clear sky
56,Moroto,UG,2.5345,34.6666,67.6,76,93,3.2,light rain
57,Jamestown,US,42.097,-79.2353,76.59,73,100,17.27,overcast clouds
58,Hithadhoo,MV,-0.6,73.0833,83.73,69,6,11.23,clear sky
59,Miyako,JP,39.6367,141.9525,59.77,96,100,10.78,light rain
60,Codrington,AU,-38.2667,141.9667,48.78,94,100,5.82,overcast clouds
61,Gradsko,MK,41.5775,21.9428,71.49,64,2,3.24,clear sky
62,Carutapera,BR,-1.195,-46.02,79.11,87,18,6.82,few clouds
63,Tobermory,CA,45.2501,-81.6665,48.61,98,100,17.36,overcast clouds
64,Camiri,BO,-20.05,-63.5167,74.98,57,75,0.0,broken clouds
65,Georgetown,MY,5.4112,100.3354,80.53,94,20,4.61,few clouds
66,Saskylakh,RU,71.9167,114.0833,31.03,96,100,11.01,overcast clouds
67,Yarmouth,US,41.7057,-70.2286,66.61,70,0,13.8,clear sky
68,Fortuna,US,40.5982,-124.1573,56.66,90,0,6.91,clear sky
69,Aklavik,CA,68.2191,-135.0107,48.31,73,100,6.82,overcast clouds
70,Le Port,RE,-20.9373,55.2919,71.6,80,4,2.84,clear sky
71,Ponta Do Sol,PT,32.6667,-17.1,69.01,72,83,2.46,broken clouds
72,Iskateley,RU,67.6803,53.1512,52.59,83,22,17.65,few clouds
73,Aksu,CN,41.1231,80.2644,76.39,23,11,6.44,few clouds
74,Jiwani,PK,25.05,61.7417,83.68,85,0,8.63,clear sky
75,Asau,RO,46.4333,26.4,57.96,78,11,5.46,few clouds
76,Shitanjing,CN,39.2342,106.3439,61.79,15,100,6.78,overcast clouds
77,Khatanga,RU,71.9667,102.5,27.88,81,65,4.5,broken clouds
78,Cam Ranh,VN,11.9214,109.1591,80.56,83,20,2.3,few clouds
79,Bethel,US,41.3712,-73.414,71.37,64,0,14.97,clear sky
80,Talnakh,RU,69.4865,88.3972,29.46,82,64,4.18,broken clouds
81,Guerrero Negro,MX,27.9769,-114.0611,73.13,53,0,13.02,clear sky
82,Dikson,RU,73.5069,80.5464,24.03,92,100,5.41,overcast clouds
83,Souillac,MU,-20.5167,57.5167,68.38,88,20,3.44,few clouds
84,Vaini,TO,-21.2,-175.2,77.16,94,75,8.05,broken clouds
85,New Norfolk,AU,-42.7826,147.0587,53.92,80,60,4.0,broken clouds
86,Adlay,PH,9.4097,125.8975,77.32,82,100,3.31,overcast clouds
87,Saint Anthony,US,45.0205,-93.218,60.35,70,100,11.5,overcast clouds
88,Barrow,US,71.2906,-156.7887,33.82,93,100,11.5,mist
89,Paamiut,GL,61.994,-49.6678,31.15,77,100,1.81,overcast clouds
90,Nikolskoye,RU,59.7035,30.7861,51.87,99,100,2.13,overcast clouds
91,Severo-Kurilsk,RU,50.6789,156.125,39.9,85,42,3.89,scattered clouds
92,Salamanca,ES,40.8333,-6.0,70.0,47,5,15.03,clear sky
93,Deputatskiy,RU,69.3,139.9,19.26,91,95,3.02,overcast clouds
94,Atuona,PF,-9.8,-139.0333,78.31,77,13,18.79,few clouds
95,Kampong Chhnang,KH,12.1667,104.55,78.62,87,100,2.15,overcast clouds
96,Nyurba,RU,63.2842,118.3319,33.4,62,19,7.92,few clouds
97,Sao Gabriel Da Cachoeira,BR,-0.1303,-67.0892,87.6,66,20,6.91,few clouds
98,Hilo,US,19.7297,-155.09,88.29,70,100,5.75,overcast clouds
99,Karasjok,NO,69.4719,25.5112,54.12,52,100,17.58,overcast clouds
100,Camacha,PT,33.0833,-16.3333,62.02,72,20,11.5,few clouds
101,Ballina,AU,-28.8667,153.5667,58.64,94,49,8.52,scattered clouds
102,Bukachacha,RU,52.9833,116.9167,48.45,62,3,2.21,clear sky
103,Stephenville,US,32.2207,-98.2023,91.17,17,0,11.5,clear sky
104,Khilok,RU,51.3674,110.4676,50.5,56,28,12.17,scattered clouds
105,Qaanaaq,GL,77.484,-69.3632,31.6,69,8,3.11,clear sky
106,Thinadhoo,MV,0.5333,72.9333,83.59,69,48,11.05,scattered clouds
107,Mar Del Plata,AR,-38.0023,-57.5575,55.09,58,100,1.01,overcast clouds
108,Romilly-Sur-Seine,FR,48.5108,3.7263,63.72,82,100,4.65,overcast clouds
109,Te Anau,NZ,-45.4167,167.7167,36.54,87,29,1.12,scattered clouds
110,Upata,VE,8.0086,-62.3989,76.19,73,99,5.28,overcast clouds
111,Kavieng,PG,-2.5744,150.7967,80.78,72,95,7.34,overcast clouds
112,Gemunden,DE,50.05,9.7,65.77,72,89,7.78,overcast clouds
113,Thompson,CA,55.7435,-97.8558,41.16,100,75,11.5,mist
114,Sobolevo,RU,54.4299,31.8996,47.79,93,53,8.7,broken clouds
115,Katangli,RU,51.7102,143.2326,39.04,89,100,4.03,overcast clouds
116,Taga,RO,46.95,24.05,57.52,75,41,3.71,scattered clouds
117,Khandyga,RU,62.6667,135.6,40.14,82,99,1.25,overcast clouds
118,San Roque,ES,36.2107,-5.3842,65.23,82,40,19.57,scattered clouds
119,Castro,BR,-24.7911,-50.0119,63.88,67,84,3.42,broken clouds
120,Tamandare,BR,-8.7597,-35.1047,76.98,84,77,13.09,broken clouds
121,Belchatow,PL,51.3688,19.3567,60.62,73,85,10.63,overcast clouds
122,Swinford,IE,53.95,-8.95,52.34,61,98,13.4,overcast clouds
123,Cabo San Lucas,MX,22.8909,-109.9124,85.6,54,0,6.91,clear sky
124,Poum,NC,-20.2333,164.0167,76.71,80,100,15.32,overcast clouds
125,Saint George,US,37.1041,-113.5841,99.79,10,0,6.91,clear sky
126,Rosario,AR,-32.9468,-60.6393,61.07,67,0,10.36,clear sky
127,Bilibino,RU,68.0546,166.4372,48.94,60,100,4.25,overcast clouds
128,Taoudenni,ML,22.6783,-3.9836,99.25,11,19,1.72,few clouds
129,Andenes,NO,69.3143,16.1194,49.98,81,0,3.44,clear sky
130,Kaitangata,NZ,-46.2817,169.8464,37.22,89,9,4.54,clear sky
131,Agadez,NE,19.75,10.25,91.9,10,6,6.08,clear sky
132,Kikwit,CD,-5.041,18.8162,74.23,77,22,1.39,few clouds
133,Takoradi,GH,4.8845,-1.7554,78.82,81,28,7.38,scattered clouds
134,Eureka,US,40.8021,-124.1637,81.75,83,100,8.99,overcast clouds
135,Khandbari,NP,27.3747,87.2039,67.55,78,41,3.58,scattered clouds
136,Broome,US,42.2506,-75.833,77.2,61,0,16.11,clear sky
137,Woodmere,US,40.6321,-73.7126,72.46,65,75,15.01,broken clouds
138,Tacuarembo,UY,-31.7333,-55.9833,53.82,94,100,11.01,overcast clouds
139,Mehamn,NO,71.0357,27.8492,42.71,77,31,17.74,scattered clouds
140,Biak,ID,-0.9131,122.8766,76.51,84,99,5.21,moderate rain
141,Barra Do Garcas,BR,-15.89,-52.2567,88.38,35,0,3.44,clear sky
142,Nizhnyaya Salda,RU,58.0776,60.7202,45.72,77,100,4.38,overcast clouds
143,Marsa Matruh,EG,31.3525,27.2453,71.8,78,0,6.91,clear sky
144,Tasiilaq,GL,65.6145,-37.6368,37.56,68,83,3.87,broken clouds
145,Petropavlovsk-Kamchatskiy,RU,53.0452,158.6483,43.39,81,75,0.0,broken clouds
146,Yerbogachen,RU,61.2767,108.0108,34.56,77,22,7.43,few clouds
147,La Ronge,CA,55.1001,-105.2842,55.62,58,75,6.91,broken clouds
148,Faanui,PF,-16.4833,-151.75,80.98,69,5,14.9,clear sky
149,Olafsvik,IS,64.8945,-23.7142,45.09,75,23,14.85,few clouds
150,Lavrentiya,RU,65.5833,-171.0,33.75,97,69,4.36,broken clouds
151,Buchanan,LR,5.8808,-10.0467,79.39,82,77,8.14,light rain
152,Houma,US,29.5958,-90.7195,87.01,42,0,5.75,clear sky
153,Russell,US,32.3502,-85.1999,71.2,88,40,3.44,moderate rain
154,Sarangani,PH,5.4033,125.4636,80.96,75,51,4.9,broken clouds
155,Thessalon,CA,46.2501,-83.5666,64.69,98,100,8.84,overcast clouds
156,Lake City,US,30.1897,-82.6393,86.86,58,0,6.91,clear sky
157,Ladushkin,RU,54.5703,20.171,55.26,73,8,19.44,clear sky
158,Saint-Pierre,RE,-21.3393,55.4781,71.28,73,0,8.05,clear sky
159,Sao Filipe,CV,14.8961,-24.4956,73.15,79,43,7.7,scattered clouds
160,Lagoa,PT,39.05,-27.9833,61.99,81,91,17.92,overcast clouds
161,Ancud,CL,-41.8697,-73.8203,48.34,70,78,4.38,broken clouds
162,Hasaki,JP,35.7333,140.8333,68.4,84,100,23.35,overcast clouds
163,Airai,TL,-8.9266,125.4092,57.7,92,100,3.87,overcast clouds
164,Lompoc,US,34.6391,-120.4579,74.79,76,100,9.22,overcast clouds
165,Salinas,US,36.6777,-121.6555,68.81,63,75,12.66,broken clouds
166,Uruzgan,AF,32.8333,66.0,70.16,10,0,3.76,clear sky
167,Vostok,RU,46.4856,135.8833,50.04,93,51,2.46,broken clouds
168,Tezu,IN,27.9167,96.1667,72.41,97,94,3.18,overcast clouds
169,Svetlyy,RU,54.675,20.1347,55.45,74,8,20.15,clear sky
170,Ainazi,LV,57.8636,24.3578,48.04,94,97,6.78,overcast clouds
171,Mayo,US,38.8876,-76.5119,74.1,80,100,10.36,overcast clouds
172,Puerto Escondido,MX,15.85,-97.0667,86.83,62,75,10.36,broken clouds
173,Maragogi,BR,-9.0122,-35.2225,76.59,85,80,13.71,broken clouds
174,Veracruz,MX,19.3333,-96.6667,92.66,44,23,10.74,few clouds
175,Warwick,US,41.7001,-71.4162,70.88,67,75,25.32,broken clouds
176,Port Lincoln,AU,-34.7333,135.8667,54.91,88,28,5.97,scattered clouds
177,Farafangana,MG,-22.8167,47.8333,70.74,92,17,6.53,few clouds
178,Muscat,OM,23.6139,58.5922,95.02,37,0,7.18,clear sky
179,Aguimes,ES,27.9054,-15.4461,66.83,68,20,18.41,few clouds
180,Elizabeth City,US,36.2946,-76.2511,79.05,79,100,3.44,overcast clouds
181,Hamilton,US,39.1834,-84.5333,73.72,89,75,8.05,broken clouds
182,Luderitz,NA,-26.6481,15.1594,59.29,76,0,3.51,clear sky
183,Radhanpur,IN,23.8333,71.6,84.13,69,0,16.49,clear sky
184,Madang,PG,-5.2246,145.7966,74.71,92,100,5.41,overcast clouds
185,Mareeba,AU,-17.0,145.4333,61.45,94,6,2.57,clear sky
186,Hofn,IS,64.2539,-15.2082,47.05,72,96,14.88,overcast clouds
187,Ibra,OM,22.6906,58.5334,84.79,37,0,5.88,clear sky
188,Bubaque,GW,11.2833,-15.8333,79.43,82,86,16.58,light rain
189,Kapoeta,SS,4.7717,33.5903,76.35,67,59,6.22,broken clouds
190,Pangody,RU,65.85,74.4859,49.87,46,19,13.0,few clouds
191,Kapaa,US,22.0752,-159.319,80.58,73,20,13.8,few clouds
192,Makakilo City,US,21.3469,-158.0858,79.2,50,100,12.66,overcast clouds
193,Bandarbeyla,SO,9.4942,50.8122,80.55,85,82,17.67,broken clouds
194,Anadyr,RU,64.75,177.4833,37.9,86,98,8.95,fog
195,Hannan,JP,34.3217,135.2325,61.97,94,100,8.05,overcast clouds
196,Xingyi,CN,24.1877,102.817,61.93,96,100,1.77,overcast clouds
197,Cairns,AU,-16.9167,145.7667,66.07,100,16,1.14,few clouds
198,Port Macquarie,AU,-31.4333,152.9167,51.89,90,7,4.94,clear sky
199,Mount Gambier,AU,-37.8333,140.7667,51.08,94,100,3.69,overcast clouds
200,Clyde River,CA,70.4692,-68.5914,21.43,58,20,16.11,few clouds
201,Nabire,ID,-3.3667,135.4833,74.19,92,31,3.0,scattered clouds
202,Tiznit,MA,29.5833,-9.5,77.85,40,99,1.72,overcast clouds
203,Chokurdakh,RU,70.6333,147.9167,24.58,77,14,6.11,few clouds
204,Cayenne,GF,4.9333,-52.3333,84.09,15,40,16.11,scattered clouds
205,Mezen,RU,65.8522,44.24,45.7,97,100,8.21,light rain
206,Garachine,PA,8.0647,-78.3628,81.48,79,100,8.81,overcast clouds
207,Sikasso,ML,10.9167,-7.0,87.57,41,16,5.59,few clouds
208,Kyzyl-Suu,KG,42.3414,78.0056,56.61,50,6,3.42,clear sky
209,Hualmay,PE,-11.0964,-77.6139,68.11,71,21,8.79,few clouds
210,Dingle,PH,10.9995,122.6711,76.37,89,100,2.3,overcast clouds
211,Uvinza,TZ,-5.1036,30.3911,69.13,84,83,2.21,broken clouds
212,Noumea,NC,-22.2763,166.4572,75.0,99,100,7.81,overcast clouds
213,Waipawa,NZ,-41.4122,175.5153,46.67,86,96,6.98,overcast clouds
214,Cap Malheureux,MU,-19.9842,57.6142,70.47,77,0,4.0,clear sky
215,Dharchula,IN,29.85,80.5333,69.01,54,95,3.24,overcast clouds
216,Bagdarin,RU,54.4333,113.6,43.81,78,80,5.75,broken clouds
217,Vestmannaeyjar,IS,63.4427,-20.2734,52.79,58,40,10.36,scattered clouds
218,Westport,US,41.1415,-73.3579,72.09,67,75,8.05,broken clouds
219,Nome,US,64.5011,-165.4064,35.67,93,100,6.91,mist
220,Tyrma,RU,50.0833,132.1667,53.49,76,100,3.67,overcast clouds
221,Bay Roberts,CA,47.5999,-53.2648,44.06,69,14,13.0,few clouds
222,Were Ilu,ET,10.6,39.4333,57.79,33,12,8.25,few clouds
223,Laranjeiras Do Sul,BR,-25.4078,-52.4161,64.04,78,100,2.17,overcast clouds
224,Senanga,ZM,-16.1167,23.2667,61.02,42,0,4.99,clear sky
225,Ust-Ishim,RU,57.6935,71.1665,66.52,63,87,11.1,overcast clouds
226,Longyearbyen,SJ,78.2186,15.6401,40.84,81,0,0.0,clear sky
227,Port Blair,IN,11.6667,92.75,82.44,83,40,9.22,mist
228,Fairbanks,US,64.8378,-147.7164,65.3,41,40,13.8,scattered clouds
229,Cassilandia,BR,-19.1133,-51.7342,80.51,31,97,5.61,overcast clouds
230,Dothan,US,31.2232,-85.3905,70.0,75,100,16.82,heavy intensity rain
231,Batouri,CM,4.4333,14.3667,68.11,96,50,3.02,light rain
232,Qianan,CN,44.9932,124.0581,53.89,93,42,4.14,scattered clouds
233,Conceicao Do Araguaia,BR,-8.2578,-49.2647,80.89,65,100,3.56,overcast clouds
234,Guangshui,CN,31.6199,113.9978,62.64,58,98,0.78,overcast clouds
235,Can,TR,40.0333,27.0524,67.15,84,100,3.78,overcast clouds
236,Srednekolymsk,RU,67.45,153.6833,35.17,66,100,18.41,overcast clouds
237,Hervey Bay,AU,-25.2986,152.8535,60.03,96,1,3.0,clear sky
238,Mount Isa,AU,-20.7333,139.5,58.77,63,0,5.75,clear sky
239,Novopokrovka,UA,49.8425,36.5477,52.07,97,28,10.63,scattered clouds
240,Hastings,GB,50.8552,0.5729,59.9,80,100,17.11,overcast clouds
241,Saint-Philippe,RE,-21.3585,55.7679,71.19,79,13,2.68,few clouds
242,Bokoro,TD,12.3807,17.0568,94.21,13,100,7.02,overcast clouds
243,Kharhial,IN,20.2833,82.7667,88.54,31,20,5.91,few clouds
244,Forbes,AU,-33.3833,148.0167,51.91,91,91,2.8,overcast clouds
245,Geelong,AU,-38.1471,144.3607,53.08,93,75,4.0,broken clouds
246,Maltahohe,NA,-24.8333,16.9833,61.59,21,0,6.17,clear sky
247,Vardo,NO,70.3705,31.1107,40.98,87,100,2.3,overcast clouds
248,Sillod,IN,20.3,75.65,83.66,46,14,14.12,few clouds
249,Massaguet,TD,12.4755,15.4365,95.45,10,9,7.43,clear sky
250,Chapleau,CA,47.8405,-83.4034,57.29,94,100,4.61,overcast clouds
251,Quatre Cocos,MU,-20.2078,57.7625,70.09,72,1,6.26,clear sky
252,Kutum,SD,14.2,24.6667,79.43,10,16,11.21,few clouds
253,Varhaug,NO,58.6147,5.6457,51.35,83,44,6.4,scattered clouds
254,Praya,CV,14.9215,-23.5087,73.94,68,40,14.97,scattered clouds
255,Bahia Blanca,AR,-38.7196,-62.2724,51.13,48,100,4.41,overcast clouds
256,Caravelas,BR,-17.7125,-39.2481,72.41,68,5,5.08,clear sky
257,West Bay,KY,19.3667,-81.4167,87.87,73,20,11.5,few clouds
258,Marshall,US,34.3834,-86.3333,74.91,82,75,11.5,broken clouds
259,Faya,SA,18.3851,42.4509,71.71,41,0,1.79,clear sky
260,Mattru,SL,7.6244,-11.8332,75.22,95,98,3.56,light rain
261,Kupang,ID,-10.1667,123.5833,77.14,82,100,9.15,overcast clouds
262,Elat,IL,29.5581,34.9482,87.64,33,21,16.11,haze
263,Teya,RU,60.3778,92.6267,44.62,87,23,3.53,few clouds
264,Kodiak,US,57.79,-152.4072,53.11,66,0,5.75,clear sky
265,Turayf,SA,31.6725,38.6637,75.45,23,0,9.22,clear sky
266,Namibe,AO,-15.1961,12.1522,67.57,83,79,4.7,broken clouds
267,Olinda,BR,-8.0089,-34.8553,78.53,83,75,11.5,mist
268,San Cristobal,VE,7.7669,-72.225,80.78,63,100,5.68,overcast clouds
269,Revadanda,IN,18.5503,72.9278,82.56,75,12,7.11,few clouds
270,Wad Madani,SD,14.4012,33.5199,94.32,8,0,13.82,clear sky
271,Staicele,LV,57.8364,24.75,45.57,98,86,4.12,overcast clouds
272,Komsomolskiy,UZ,40.4272,71.7189,72.32,53,100,6.91,overcast clouds
273,Mahebourg,MU,-20.4081,57.7,70.25,88,20,3.44,few clouds
274,Ludwigslust,DE,53.3167,11.5,56.82,94,100,5.75,light rain
275,Boras,SE,57.721,12.9401,49.82,76,6,13.4,clear sky
276,Islamkot,PK,24.6997,70.177,82.36,74,0,17.76,clear sky
277,Odesskoye,RU,54.2111,72.9651,72.0,45,75,20.02,broken clouds
278,Skerries,IE,53.5828,-6.1083,57.99,73,24,15.79,few clouds
279,Teslic,BA,44.6064,17.8597,62.85,92,30,2.13,scattered clouds
280,Cartagena,CO,10.3997,-75.5144,82.02,89,20,2.3,few clouds
281,Egvekinot,RU,66.3167,-179.1667,33.66,84,96,3.69,overcast clouds
282,Provideniya,RU,64.3833,-173.3,41.04,71,86,6.24,overcast clouds
283,Otradnoye,RU,59.7775,30.8181,51.87,99,100,1.9,overcast clouds
284,Warmbad,NA,-28.45,18.7333,63.52,31,0,8.66,clear sky
285,Umarizal,BR,-5.9906,-37.8144,81.7,62,100,6.04,overcast clouds
286,Kloulklubed,PW,7.0419,134.2556,75.7,75,89,12.62,overcast clouds
287,San Jose Iturbide,MX,21.0,-100.3833,84.6,22,100,13.04,overcast clouds
288,Aguilas,ES,37.4063,-1.5829,68.49,59,0,5.53,clear sky
289,Niquelandia,BR,-14.4739,-48.4597,84.16,32,50,6.26,scattered clouds
290,Prince Rupert,CA,54.3161,-130.3201,53.69,71,100,11.5,overcast clouds
291,Husavik,IS,66.0449,-17.3389,40.15,97,100,11.52,overcast clouds
292,Sao Joao Da Barra,BR,-21.6403,-41.0511,75.29,70,4,10.6,clear sky
293,Leh,IN,34.1667,77.5833,51.78,36,99,6.6,overcast clouds
294,Khasan,RU,42.4308,130.6434,51.37,98,100,10.2,overcast clouds
295,Zhongxing,CN,33.7039,118.6792,62.58,81,77,4.99,broken clouds
296,Zhigansk,RU,66.7697,123.3711,28.45,72,15,22.46,few clouds
297,Arraial Do Cabo,BR,-22.9661,-42.0278,75.06,69,0,14.97,clear sky
298,Auki,SB,-8.7676,160.7034,76.46,88,99,2.44,overcast clouds
299,Kaele,CM,10.1092,14.4508,93.96,26,78,5.44,broken clouds
300,Kawalu,ID,-7.3817,108.2082,71.73,84,100,3.56,overcast clouds
301,Bambous Virieux,MU,-20.3428,57.7575,70.21,88,20,3.44,few clouds
302,Shangzhi,CN,45.2167,127.9667,43.52,94,8,1.36,clear sky
303,Waingapu,ID,-9.6567,120.2641,76.78,85,100,8.63,overcast clouds
304,Imbituba,BR,-28.24,-48.6703,69.1,87,100,5.01,overcast clouds
305,Naze,JP,28.3667,129.4833,65.32,85,100,8.03,overcast clouds
306,Sibolga,ID,1.7427,98.7792,77.0,85,99,3.0,overcast clouds
307,Boende,CD,-0.2167,20.8667,72.34,92,53,2.3,broken clouds
308,Yanam,IN,16.7333,82.2167,80.01,86,12,4.56,few clouds
309,Afsin,TR,38.2477,36.914,61.47,54,0,5.06,clear sky
310,Kruisfontein,ZA,-34.0033,24.7314,54.88,92,55,5.46,broken clouds
311,Bac Lieu,VN,9.285,105.7244,82.22,79,100,11.7,overcast clouds
312,Isangel,VU,-19.55,169.2667,74.73,83,1,5.44,clear sky
313,Palmer,US,42.1584,-72.3287,72.21,51,75,17.27,broken clouds
314,Ambon,ID,-3.6954,128.1814,75.34,94,40,4.61,scattered clouds
315,Makhinjauri,GE,41.6739,41.694,53.46,87,0,4.61,clear sky
316,Molde,NO,62.7375,7.1591,52.7,81,75,6.91,shower rain
317,Solnechnyy,RU,50.7214,136.6319,54.64,65,100,1.92,overcast clouds
318,Andra,RU,62.5147,65.8878,57.58,91,100,6.29,moderate rain
319,Coquimbo,CL,-29.9533,-71.3436,56.93,82,40,10.36,scattered clouds
320,Pakruojis,LT,55.9667,23.8667,52.59,84,3,17.09,clear sky
321,Ende,ID,-8.8432,121.6623,77.68,88,100,5.64,overcast clouds
322,Novoagansk,RU,61.9449,76.6625,53.76,57,1,8.55,clear sky
323,Oranjemund,NA,-28.55,16.4333,55.27,91,0,4.12,clear sky
324,Vila Do Maio,CV,15.1333,-23.2167,74.19,79,69,8.99,broken clouds
325,Wanning,CN,18.8003,110.3967,79.2,90,84,6.29,broken clouds
326,Tautira,PF,-17.7333,-149.15,79.56,71,0,14.29,clear sky
327,Mahibadhoo,MV,3.7833,72.9667,82.71,75,94,12.91,overcast clouds
328,Bowen,AU,-20.0167,148.2333,64.98,86,0,6.64,clear sky
329,Bilma,NE,18.6853,12.9164,93.49,8,0,8.23,clear sky
330,Cape Coast,GH,5.1053,-1.2466,79.05,82,25,8.7,light rain
331,Riyadh,SA,24.6877,46.7219,89.74,14,45,10.58,scattered clouds
332,Tenango,MX,18.65,-98.1833,95.27,14,9,7.81,clear sky
333,Malanje,AO,-9.5402,16.341,63.46,50,0,2.46,clear sky
334,Yar-Sale,RU,66.8333,70.8333,46.58,58,98,16.96,overcast clouds
335,Sovetskiy,RU,61.3614,63.5842,52.7,97,100,0.92,moderate rain
336,Petropavlivka,UA,48.4564,36.4367,51.66,96,63,10.02,broken clouds
337,Ostuacan,MX,17.4167,-93.3,90.73,45,100,6.76,overcast clouds
338,Thunder Bay,CA,48.4001,-89.3168,57.18,72,100,8.05,overcast clouds
339,Salalah,OM,17.0151,54.0924,84.29,79,75,9.22,broken clouds
340,Meulaboh,ID,4.1363,96.1285,77.74,86,100,5.44,overcast clouds
341,Kali Vrisi,GR,41.15,23.9,66.4,82,35,3.98,scattered clouds
342,Tazovskiy,RU,67.4667,78.7,36.14,70,61,8.41,broken clouds
343,North Bend,US,43.4065,-124.2243,72.25,94,100,8.05,overcast clouds
344,Mandali,IQ,33.7499,45.5541,78.82,13,0,8.14,clear sky
345,Chapais,CA,49.7834,-74.8492,47.98,96,100,12.06,overcast clouds
346,Inta,RU,66.0317,60.1659,53.22,74,95,7.18,overcast clouds
347,Henderson,US,36.0397,-114.9819,105.17,7,0,18.41,clear sky
348,Flin Flon,CA,54.7682,-101.865,55.24,67,40,9.22,scattered clouds
349,Touros,BR,-5.1989,-35.4608,79.86,77,100,15.3,overcast clouds
350,Rio Gallegos,AR,-51.6226,-69.2181,44.65,45,40,23.02,scattered clouds
351,Jamkhed,IN,18.7362,75.3121,80.46,60,6,18.5,clear sky
352,Santa Cruz Cabralia,BR,-16.2781,-39.0247,70.03,64,0,4.61,clear sky
353,Gat,IL,31.61,34.7642,80.4,59,1,8.16,clear sky
354,Kaeo,NZ,-35.1,173.7833,52.32,94,66,6.06,broken clouds
355,Jiayuguan,CN,39.8167,98.3,65.3,35,100,8.77,overcast clouds
356,Rafaela,AR,-31.2503,-61.4867,57.0,62,100,1.99,overcast clouds
357,Atar,MR,20.5169,-13.0499,95.22,22,1,11.61,clear sky
358,Batemans Bay,AU,-35.7167,150.1833,57.09,84,91,5.39,overcast clouds
359,Sitka,US,57.0531,-135.33,57.09,58,40,6.91,scattered clouds
360,Wencheng,CN,33.0559,113.7978,66.63,32,100,2.59,overcast clouds
361,Pevek,RU,69.7008,170.3133,30.76,81,100,9.69,overcast clouds
362,Moose Factory,CA,51.2585,-80.6094,53.6,94,100,12.66,overcast clouds
363,Saint-Augustin,CA,51.226,-58.6502,54.75,30,100,8.81,overcast clouds
364,Rorvik,NO,64.8621,11.2373,48.31,93,75,14.97,broken clouds
365,Mantua,IT,45.1667,10.7833,76.24,81,38,1.01,scattered clouds
366,Catio,GW,11.2833,-15.25,79.45,79,94,9.57,overcast clouds
367,Karakol,KG,42.4907,78.3936,56.01,43,7,4.83,clear sky
368,Pyryatyn,UA,50.2445,32.5107,54.9,80,48,9.84,scattered clouds
369,Okitipupa,NG,6.5047,4.7839,73.99,97,100,2.77,overcast clouds
370,Dorogino,RU,54.3598,83.3198,52.77,58,46,8.05,scattered clouds
371,Sikonge,TZ,-5.6333,32.7667,69.84,62,86,3.4,overcast clouds
372,Victoria,HK,22.2855,114.1577,82.18,94,100,5.99,overcast clouds
373,Karaton,ID,-6.3424,106.1045,73.33,92,99,0.65,overcast clouds
374,Yenagoa,NG,4.9247,6.2642,75.02,95,100,5.12,light rain
375,Rawson,AR,-43.3002,-65.1023,48.92,32,0,13.8,clear sky
376,Donegal,IE,54.65,-8.1167,49.39,68,80,14.07,broken clouds
377,Muhos,FI,64.808,25.9931,51.58,71,66,4.59,broken clouds
378,Izazi,TZ,-7.2,35.7333,72.86,67,21,3.89,few clouds
379,Colwyn Bay,GB,53.2948,-3.7267,59.74,3,11,4.0,few clouds
380,Jackson,US,42.4165,-122.8345,82.02,32,0,8.05,clear sky
381,Yulara,AU,-25.2406,130.9889,56.17,59,10,10.6,clear sky
382,Amarkantak,IN,22.6667,81.75,74.19,36,1,3.62,clear sky
383,Ulladulla,AU,-35.35,150.4667,55.58,80,50,5.59,scattered clouds
384,Bogotol,RU,56.2078,89.5342,49.46,60,100,6.55,overcast clouds
385,Omboue,GA,-1.5746,9.2618,75.58,85,100,4.81,overcast clouds
386,Kedzierzyn-Kozle,PL,50.3498,18.2261,61.54,78,78,5.93,broken clouds
387,Port-Cartier,CA,50.0334,-66.8654,50.76,56,100,6.76,overcast clouds
388,Gladstone,AU,-23.85,151.25,61.79,88,0,5.75,clear sky
389,Kolvereid,NO,64.8655,11.6047,47.43,94,100,7.25,overcast clouds
390,Byron Bay,AU,-28.65,153.6167,58.71,94,43,10.22,scattered clouds
391,Kinsale,IE,51.7075,-8.5306,56.57,76,20,11.5,few clouds
392,Sangar,RU,63.9242,127.4739,38.01,75,100,1.3,overcast clouds
393,Kavaratti,IN,10.5669,72.642,83.23,76,100,10.4,overcast clouds
394,Sao Mateus,BR,-18.7161,-39.8589,70.9,68,17,4.65,few clouds
395,Los Pozos,VE,8.4518,-62.7268,80.04,94,100,8.7,overcast clouds
396,Kisaran,ID,2.9845,99.6158,75.13,93,100,2.84,overcast clouds
397,Dawei,MM,14.0833,98.2,76.1,94,99,3.24,overcast clouds
398,Bage,BR,-31.3314,-54.1069,56.98,94,100,8.05,overcast clouds
399,Oktyabrskiy,RU,54.4815,53.471,43.81,77,38,5.73,scattered clouds
400,Ilulissat,GL,69.2167,-51.1,35.62,87,75,6.91,broken clouds
401,Havoysund,NO,70.9963,24.6622,55.63,63,11,14.52,few clouds
402,Castelnaudary,FR,43.3183,1.9545,63.39,90,48,9.17,scattered clouds
403,Kampot,KH,10.6167,104.1833,82.45,84,99,10.98,overcast clouds
404,Dire,ML,12.2833,-10.9667,81.21,62,50,0.72,scattered clouds
405,Nyuksenitsa,RU,60.4128,44.2397,38.79,99,100,3.38,overcast clouds
406,Narsaq,GL,60.9167,-46.05,48.42,86,100,5.66,overcast clouds
407,Pangnirtung,CA,66.1451,-65.7125,21.2,73,75,11.5,broken clouds
408,Sola,VU,-13.8833,167.55,81.05,77,24,16.15,few clouds
409,Sao Jose Da Coroa Grande,BR,-8.8978,-35.1478,77.04,84,77,13.96,broken clouds
410,Manado,ID,1.487,124.8455,75.97,94,40,1.14,scattered clouds
411,Lincoln,US,40.8,-96.667,66.15,75,40,14.97,scattered clouds
412,Oranjestad,AW,12.524,-70.027,80.74,82,10,25.57,clear sky
413,Mercedes,AR,-34.6515,-59.4307,55.04,57,1,8.86,clear sky
414,Poso,ID,-1.3959,120.7524,76.41,91,100,8.97,overcast clouds
415,Matagami,CA,49.7502,-77.6328,51.91,93,100,5.75,moderate rain
416,Mange,SL,8.9167,-12.85,77.18,87,100,3.27,overcast clouds
417,Taltal,CL,-25.4,-70.4833,63.01,70,100,4.99,overcast clouds
418,Beloha,MG,-25.1667,45.05,66.52,91,6,4.68,clear sky
419,Qasigiannguit,GL,68.8193,-51.1922,35.85,97,99,4.27,overcast clouds
420,Canico,PT,32.6333,-16.85,69.01,80,40,12.66,scattered clouds
421,Neustadt,DE,49.7117,12.0872,58.15,76,0,0.0,clear sky
422,Luena,AO,-11.7833,19.9167,56.55,46,0,2.39,clear sky
423,Alice Springs,AU,-23.7,133.8833,45.95,81,9,0.0,clear sky
424,Skibbereen,IE,51.55,-9.2667,54.1,87,94,11.95,overcast clouds
425,Lasa,IT,46.6166,10.7002,65.28,94,75,2.51,broken clouds
426,Banapur,IN,19.7833,85.1833,86.2,63,10,6.69,clear sky
427,Kangasala,FI,61.4638,24.076,50.14,100,100,4.41,light rain
428,Acapulco,MX,16.8634,-99.8901,89.42,58,75,8.05,broken clouds
429,Nova Odesa,UA,47.3078,31.7851,59.11,70,51,5.21,broken clouds
430,Chicama,PE,-7.8447,-79.1469,61.34,63,98,11.03,overcast clouds
431,Ixtapa,MX,20.7,-105.2,81.63,69,20,10.36,few clouds
432,Revda,RU,56.801,59.9303,42.12,83,100,5.86,overcast clouds
433,Mbumi,TZ,-7.9058,39.2105,73.08,93,0,1.32,clear sky
434,Fairfield,US,41.2668,-73.3162,70.34,66,0,14.97,clear sky
435,Superior,US,46.7208,-92.1041,61.48,72,100,4.61,overcast clouds
436,Nichinan,JP,31.6,131.3667,64.69,92,100,6.67,overcast clouds
437,Guspini,IT,39.5406,8.6294,68.54,95,98,5.44,heavy intensity rain
438,Zhenlai,CN,45.8495,123.2973,55.85,69,92,4.47,overcast clouds
439,Tura,IN,25.5198,90.2201,70.3,94,1,5.48,clear sky
440,Tarakan,ID,3.3,117.6333,80.15,79,100,4.36,light rain
441,Shambu,ET,9.5667,37.1,55.98,81,95,4.03,light rain
442,Rtishchevo,RU,52.2604,43.7874,52.39,95,100,15.43,light rain
443,Tecpan,GT,14.7623,-90.9947,58.62,87,99,4.9,overcast clouds
444,Sorland,NO,67.667,12.6934,48.06,87,86,12.21,overcast clouds
445,Bang Mun Nak,TH,16.0278,100.3792,83.98,91,71,1.74,broken clouds
446,Garowe,SO,8.4054,48.4845,87.89,41,73,18.43,broken clouds
447,Kedungwuni,ID,-6.9704,109.6479,76.06,82,100,3.94,overcast clouds
448,Beidao,CN,34.5686,105.8933,61.66,71,100,2.59,overcast clouds
449,Milkovo,RU,54.7167,158.6167,42.33,90,100,0.74,overcast clouds
450,Dicamay,PH,16.7561,122.0037,73.38,91,100,2.55,overcast clouds
451,Pedernales,DO,18.0384,-71.744,85.66,60,74,3.18,broken clouds
452,Mombetsu,JP,44.3525,143.3525,54.39,87,100,5.55,overcast clouds
453,Bengkulu,ID,-3.8004,102.2655,76.66,83,96,3.83,overcast clouds
454,Rosarito,MX,32.3333,-117.0333,76.62,69,39,7.96,scattered clouds
455,Bathsheba,BB,13.2167,-59.5167,81.21,78,75,21.85,broken clouds
456,Antofagasta,CL,-23.65,-70.4,60.08,73,100,6.46,overcast clouds
457,Eyl,SO,7.9803,49.8164,81.82,76,100,16.35,overcast clouds
458,Gimli,CA,50.6336,-96.9907,50.02,76,89,8.05,overcast clouds
459,Benghazi,LY,32.1167,20.0667,78.64,46,4,12.24,clear sky
460,Domna,RU,51.8971,113.1573,53.76,50,0,11.18,clear sky
461,Hurghada,EG,27.2574,33.8129,86.04,20,0,12.66,clear sky
462,Constitucion,CL,-35.3333,-72.4167,52.43,68,100,8.28,overcast clouds
463,Kalmunai,LK,7.4167,81.8167,78.73,79,100,7.29,overcast clouds
464,Hobyo,SO,5.3505,48.5268,79.5,83,91,27.18,overcast clouds
465,Krasnoselkup,RU,65.7,82.4667,42.55,59,0,7.94,clear sky
466,Ndele,CF,8.4109,20.6473,74.46,76,93,7.23,overcast clouds
467,Mouila,GA,-1.8685,11.0559,72.55,95,98,1.86,overcast clouds
468,Padang,ID,-0.9492,100.3543,78.08,78,87,2.57,overcast clouds
469,Along,IN,28.1667,94.7667,69.91,99,53,1.25,broken clouds
470,Pisco,PE,-13.7,-76.2167,65.01,77,75,10.36,mist
471,Sur,OM,22.5667,59.5289,90.75,41,0,14.67,clear sky
472,Lubben,DE,51.95,13.9,64.13,69,99,8.84,overcast clouds
473,Port Augusta,AU,-32.5,137.7667,53.26,93,2,5.61,clear sky
474,Shaunavon,CA,49.6501,-108.4181,71.38,28,68,12.01,broken clouds
475,Chengde,CN,40.9725,117.9361,56.44,38,0,3.27,clear sky
476,Esik,KZ,43.3552,77.4525,60.22,39,0,9.1,clear sky
477,Abashiri,JP,44.0213,144.2697,58.98,84,96,15.75,overcast clouds
478,Maniitsoq,GL,65.4167,-52.9,30.06,81,100,14.74,overcast clouds
479,Grand-Lahou,CI,5.1367,-5.0242,78.31,84,90,7.38,overcast clouds
480,Sabang,ID,5.8933,95.3214,84.2,72,100,17.56,overcast clouds
481,Halifax,CA,44.6453,-63.5724,71.49,48,100,12.66,overcast clouds
482,Andapa,MG,-14.65,49.65,65.88,97,62,1.54,broken clouds
483,Hirara,JP,24.8,125.2833,78.94,88,100,18.61,light rain
484,Port Hardy,CA,50.6996,-127.4199,53.78,82,75,3.44,broken clouds
485,Apex,US,35.7327,-78.8503,83.03,71,75,4.61,broken clouds
486,Kamenka,RU,51.3223,42.7678,52.16,93,100,17.96,light rain
487,Rio Cuarto,AR,-33.1307,-64.3499,54.48,58,75,12.66,broken clouds
488,Arlit,NE,18.7369,7.3853,93.27,7,37,6.13,scattered clouds
489,Walvis Bay,NA,-22.9575,14.5053,55.09,94,0,4.61,clear sky
490,Moron,AR,-34.6534,-58.6198,55.29,72,3,7.72,clear sky
491,Binzhou,CN,37.3667,118.0167,67.41,39,0,12.64,clear sky
492,Ambilobe,MG,-13.2,49.05,70.27,90,67,2.59,broken clouds
493,Christchurch,NZ,-43.5333,172.6333,36.41,93,7,1.14,clear sky
494,Hoshangabad,IN,22.75,77.7167,90.86,26,33,7.7,scattered clouds
495,Buzdyak,RU,54.5833,54.55,43.21,78,47,5.35,scattered clouds
496,Naifaru,MV,5.4444,73.3657,82.53,75,99,14.12,overcast clouds
497,Waitati,NZ,-45.75,170.5667,39.79,83,7,2.89,clear sky
498,Dicabisagan,PH,17.0818,122.4157,79.07,86,100,7.76,overcast clouds
499,Necochea,AR,-38.5473,-58.7368,48.29,53,100,4.68,overcast clouds
500,Chuy,UY,-33.6971,-53.4616,56.5,82,100,7.85,overcast clouds
501,Cidreira,BR,-30.1811,-50.2056,63.9,95,100,1.14,moderate rain
502,Tsaratanana,MG,-16.7833,47.65,70.25,66,1,1.68,clear sky
503,Terney,RU,45.0503,136.6092,50.7,97,100,6.73,overcast clouds
504,Gobabis,NA,-22.45,18.9667,58.6,28,0,10.31,clear sky
505,Aykhal,RU,66.0,111.5,29.86,69,43,12.64,scattered clouds
506,Mana,GF,5.6592,-53.7767,78.76,86,45,10.0,scattered clouds
507,Songjianghe,CN,42.1859,127.479,42.42,97,100,3.53,overcast clouds
508,Erzin,TR,36.9559,36.2,71.37,52,0,3.62,clear sky
509,Dindori,IN,22.95,81.0833,79.83,35,6,3.76,clear sky
510,Sidi Ali,DZ,36.0998,0.4206,64.56,62,0,4.74,clear sky
511,Amahai,ID,-3.3333,128.9167,77.59,87,80,2.98,broken clouds
512,Jeremie,HT,18.65,-74.1167,83.03,67,32,3.96,scattered clouds
513,Bataipora,BR,-22.2953,-53.2711,72.25,52,16,4.59,few clouds
514,Xochistlahuaca,MX,16.7833,-98.25,92.35,48,92,9.78,overcast clouds
515,Nizhniy Odes,RU,63.6445,54.856,41.94,91,96,8.16,overcast clouds
516,Saldanha,ZA,-33.0117,17.9442,55.45,85,0,9.22,clear sky
517,Bria,CF,6.5423,21.9863,68.58,98,86,4.97,light rain
518,Sechura,PE,-5.5569,-80.8222,75.0,61,35,15.05,scattered clouds
519,Santa Maria,BR,-29.6842,-53.8069,65.5,100,75,5.75,broken clouds
520,Ranong,TH,9.9658,98.6348,80.08,87,100,11.25,overcast clouds
521,Vidim,RU,56.4088,103.1106,35.78,87,5,4.47,clear sky
522,Miranda,CO,3.2499,-76.2281,84.65,73,67,1.74,broken clouds
523,Sabha,LY,27.0377,14.4283,89.42,6,0,5.1,clear sky
524,Great Falls,US,47.5002,-111.3008,68.68,38,0,6.91,clear sky
525,Inhambane,MZ,-23.865,35.3833,70.32,86,0,5.59,clear sky
526,Bardiyah,LY,31.7561,25.0865,73.45,54,0,2.75,clear sky
527,Dera Ismail Khan,PK,31.8327,70.9024,91.78,24,2,6.31,clear sky
528,Galle,LK,6.0367,80.217,79.63,84,93,12.26,overcast clouds
529,Charlestown,AU,-32.95,151.6667,54.41,97,58,3.0,broken clouds
530,Jalu,LY,29.0331,21.5482,87.75,15,0,8.41,clear sky
531,Bouca,CF,6.5105,18.2733,70.54,95,97,3.2,light rain
532,Skjervoy,NO,70.0311,20.9714,51.8,63,88,15.66,overcast clouds
533,Vitim,RU,59.4511,112.5578,39.02,93,99,8.48,overcast clouds
534,Bakchar,RU,57.0186,82.0711,52.72,63,100,4.32,overcast clouds
535,Malpe,IN,13.35,74.7167,83.5,81,62,1.39,broken clouds
536,Oga,IT,46.4631,10.347,57.88,96,72,1.01,broken clouds
537,Leninskoye,KZ,41.7589,69.3864,65.62,49,98,9.82,overcast clouds
538,Bytow,PL,54.1706,17.4919,52.21,70,4,12.88,clear sky
539,Port Hedland,AU,-20.3167,118.5667,71.65,73,93,5.75,overcast clouds
540,Shimanovsk,RU,52.0,127.7,59.5,55,5,4.16,clear sky
541,Tuatapere,NZ,-46.1333,167.6833,39.52,85,0,3.78,clear sky
542,Brae,GB,60.3964,-1.353,46.26,71,46,16.33,scattered clouds
543,Yumen,CN,40.2833,97.2,65.97,38,100,9.1,overcast clouds
544,Berlevag,NO,70.8578,29.0864,44.4,81,0,16.11,clear sky
545,Yangjiang,CN,21.85,111.9667,77.65,91,99,0.89,overcast clouds
546,Chimbote,PE,-9.0853,-78.5783,66.51,77,70,8.1,broken clouds
547,Grand Forks,US,47.9417,-97.4337,68.79,45,20,9.22,few clouds
548,Akyab,MM,20.15,92.9,81.32,83,33,7.92,scattered clouds
549,Mangan,IN,27.5167,88.5333,67.8,83,25,3.56,scattered clouds
550,Nouadhibou,MR,20.931,-17.0347,67.98,83,5,21.85,clear sky
551,Lexington,US,37.9887,-84.4777,76.24,85,100,9.22,moderate rain
552,Maniwaki,CA,46.3834,-75.966,66.58,72,100,10.36,overcast clouds
553,Lata,PT,40.1629,-8.3327,70.07,61,53,1.45,broken clouds
554,Taicheng,CN,38.731,113.228,53.98,30,1,2.98,clear sky
555,Awjilah,LY,29.1081,21.2869,88.02,15,0,7.67,clear sky
556,Lander,US,42.833,-108.7307,82.11,20,0,5.75,clear sky
557,Palu,ID,-0.8917,119.8707,75.56,98,100,1.21,moderate rain
558,Lerwick,GB,60.1545,-1.1494,46.4,73,84,16.91,light rain
559,Norman Wells,CA,65.282,-126.8329,60.84,41,75,13.8,broken clouds
560,Hinton,CA,53.4001,-117.5857,63.16,27,86,6.53,overcast clouds
561,Sawtell,AU,-30.3833,153.1,57.18,94,13,0.0,few clouds
562,Sinnamary,GF,5.3833,-52.95,79.72,83,65,10.96,broken clouds
563,Blackfoot,US,43.1905,-112.345,86.05,22,53,10.4,broken clouds
564,Ilo,PE,-17.6394,-71.3375,67.06,73,75,8.05,broken clouds
565,Karratha,AU,-20.7377,116.8463,74.95,72,88,5.57,overcast clouds
566,Teahupoo,PF,-17.8333,-149.2667,78.76,71,0,14.65,clear sky
567,San Patricio,US,28.017,-97.5169,94.15,36,0,12.62,clear sky
568,Araguaina,BR,-7.1911,-48.2072,79.66,61,83,8.19,broken clouds
569,Tilichiki,RU,60.4667,166.1,38.64,97,100,2.91,light rain
570,Kodinsk,RU,58.6881,99.1844,39.92,86,34,4.29,scattered clouds
571,Jining,CN,35.405,116.5814,62.2,31,0,4.43,clear sky
572,Izhma,RU,65.0083,53.9113,44.76,92,100,11.83,light rain
573,Muli,MV,2.9167,73.5667,83.05,71,57,12.33,broken clouds
574,Axim,GH,4.8699,-2.2405,78.13,83,35,5.93,scattered clouds
575,Polovinnoye,RU,54.7914,65.9864,58.23,86,37,4.09,light rain
576,Kyra,RU,49.5776,111.9753,56.55,43,100,10.87,overcast clouds
577,Sao Felix Do Xingu,BR,-6.6447,-51.995,79.16,68,75,3.15,broken clouds
578,Muros,ES,42.7762,-9.0603,63.14,74,60,11.39,broken clouds
579,Gazanjyk,TM,39.2446,55.5154,65.71,45,66,3.24,broken clouds
580,Huarmey,PE,-10.0681,-78.1522,69.1,72,58,10.4,broken clouds
581,Andijon,UZ,40.7821,72.3442,70.88,37,37,5.08,scattered clouds
582,Laguna,US,38.421,-121.4238,88.93,41,0,19.57,clear sky
583,Mogzon,RU,51.7435,111.9606,46.08,66,1,11.48,clear sky
584,Dom Pedrito,BR,-30.9828,-54.6731,57.63,97,100,8.84,overcast clouds
585,Koumac,NC,-20.5667,164.2833,74.73,80,100,3.74,overcast clouds
586,Zarand,IR,30.8127,56.564,72.32,12,0,6.08,clear sky
587,Nguruka,TZ,-5.1092,31.0419,71.17,66,100,1.92,overcast clouds
588,Haines Junction,CA,60.7522,-137.5108,53.55,54,50,3.44,scattered clouds
589,Progreso,MX,21.2833,-89.6667,98.71,81,100,15.14,overcast clouds
590,Saint-Michel-Des-Saints,CA,46.6834,-73.9159,56.93,96,100,12.86,overcast clouds
591,Singaraja,ID,-8.112,115.0882,78.91,80,100,7.11,moderate rain
592,Grindavik,IS,63.8424,-22.4338,50.47,66,40,17.27,scattered clouds
593,Celestun,MX,20.8667,-90.4,85.15,71,100,14.16,overcast clouds
594,Libenge,CD,3.65,18.6333,73.78,87,25,4.45,scattered clouds
595,Griffith,US,41.5284,-87.4237,75.88,68,0,12.66,clear sky
596,Bayji,IQ,34.9311,43.487,77.47,11,0,8.43,clear sky
597,Truckee,US,39.328,-120.1833,82.72,28,0,19.57,clear sky
598,Arona,ES,28.0996,-16.681,63.12,67,40,16.11,scattered clouds
599,Yatou,CN,37.15,122.3833,59.29,49,37,3.33,scattered clouds
600,Monrovia,LR,6.3005,-10.7969,79.56,83,70,9.08,light rain
601,Manaus,BR,-3.1019,-60.025,90.1,66,20,13.8,few clouds
602,Zhezkazgan,KZ,47.8043,67.7144,55.42,63,0,9.78,clear sky
603,Prainha,BR,-1.8,-53.48,77.16,90,89,4.74,overcast clouds
604,Gualaquiza,EC,-3.4,-78.55,70.32,89,55,2.21,light rain
605,Taksimo,RU,56.3444,114.8794,41.77,76,100,5.03,overcast clouds
606,Kieta,PG,-6.2167,155.6333,79.7,84,98,3.27,light rain
607,Zhigalovo,RU,54.8097,105.1578,42.53,80,58,5.55,broken clouds
608,Kununurra,AU,-15.7667,128.7333,62.58,72,6,3.44,clear sky
609,Kibara,TZ,-2.15,33.45,70.61,76,99,4.72,light rain
610,Samarai,PG,-10.6167,150.6667,79.86,77,100,11.32,overcast clouds
611,Pithoragarh,IN,29.5833,80.2167,61.92,56,48,2.39,scattered clouds
612,Launceston,AU,-41.45,147.1667,53.24,94,75,12.66,broken clouds
613,Huinan,CN,42.6225,126.2614,48.88,93,100,3.8,overcast clouds
614,Emerald,AU,-23.5333,148.1667,59.77,89,0,7.76,clear sky
615,Honningsvag,NO,70.9821,25.9704,55.15,44,0,11.5,clear sky
616,Amalapuram,IN,16.5833,82.0167,81.25,89,27,3.83,scattered clouds
617,Northam,GB,51.0333,-4.2167,58.39,96,100,15.48,overcast clouds
618,Podporozhye,RU,60.9112,34.1706,40.69,77,13,4.16,few clouds
619,Marbella,ES,36.5154,-4.8858,69.26,35,6,7.61,clear sky
620,Zherdevka,RU,51.8486,41.4606,52.16,94,100,19.64,light rain
621,Tres Arroyos,AR,-38.3739,-60.2798,46.04,53,100,5.3,light rain
622,Matara,LK,5.9485,80.5353,77.85,88,84,10.45,broken clouds
623,Bealanana,MG,-14.55,48.7333,58.64,92,11,1.48,few clouds
624,Voi,KE,-3.3945,38.563,70.88,87,78,9.84,broken clouds
625,Mirador,BR,-6.3708,-44.3631,76.91,70,91,3.22,overcast clouds
626,El Vigia,VE,8.6219,-71.6506,88.23,58,100,1.86,overcast clouds
627,Road Town,VG,18.4167,-64.6167,84.29,78,40,9.22,scattered clouds
628,San Quintin,MX,30.4833,-115.95,67.73,66,1,10.29,clear sky
629,Peterhead,GB,57.5058,-1.7981,50.4,69,11,21.32,few clouds
630,Feicheng,CN,35.2606,117.9675,62.19,26,0,4.21,clear sky
631,Vuktyl,RU,63.8567,57.3094,39.51,90,58,6.49,broken clouds
632,Puerto Leguizamo,CO,-0.1934,-74.7819,75.6,96,87,2.46,overcast clouds
633,Kahului,US,20.8947,-156.47,78.82,61,40,17.27,scattered clouds
634,Manadhoo,MV,5.7667,73.3833,82.51,74,100,13.33,overcast clouds
635,Quesnel,CA,52.9999,-122.5029,63.1,45,20,9.22,few clouds
636,Bambanglipuro,ID,-7.95,110.2833,77.16,80,100,1.99,overcast clouds
637,Ukiah,US,39.1502,-123.2078,81.45,45,0,10.36,clear sky
638,Gibraltar,GI,36.1447,-5.3526,66.15,82,40,19.57,scattered clouds
639,Adrar,MR,20.5022,-10.0711,91.62,21,45,2.19,scattered clouds
640,Vao,NC,-22.6667,167.4833,73.31,78,100,10.2,overcast clouds
641,West Lorne,CA,42.6001,-81.5998,74.44,95,100,17.07,light rain
642,Nikolayevsk-Na-Amure,RU,53.1406,140.73,46.98,81,40,4.79,scattered clouds
643,Buritizeiro,BR,-17.3511,-44.9622,72.27,46,58,4.99,broken clouds
644,Rock Sound,BS,24.9,-76.2,79.03,72,36,15.59,scattered clouds
645,Kalemie,CD,-5.9475,29.1947,71.31,73,16,2.46,few clouds
646,Valparaiso,CL,-33.0393,-71.6273,59.23,70,0,8.05,clear sky
647,Marsabit,KE,2.3284,37.9899,68.65,66,94,19.13,overcast clouds
648,Freeport,US,40.6576,-73.5832,71.31,68,100,14.97,overcast clouds
649,Ahipara,NZ,-35.1667,173.1667,55.98,76,56,4.61,broken clouds
650,Abu Samrah,SY,35.3029,37.1841,74.34,30,0,2.91,clear sky
651,Kautokeino,NO,69.0125,23.0412,52.59,49,97,8.99,overcast clouds
652,Lenine,UA,45.2986,35.7771,58.12,73,98,2.3,overcast clouds
653,Oistins,BB,13.0667,-59.5333,80.69,78,75,21.85,broken clouds
654,Saint-Joseph,RE,-21.3667,55.6167,70.18,76,5,2.04,clear sky
655,Kalachinsk,RU,55.0529,74.5751,65.21,51,18,12.55,few clouds
656,Tukrah,LY,32.5341,20.5791,77.74,41,6,8.01,clear sky
657,High Rock,BS,26.6208,-78.2833,84.22,71,14,14.2,few clouds
658,Hambantota,LK,6.1241,81.1185,79.83,82,86,18.34,overcast clouds
659,Ostrovnoy,RU,68.0531,39.5131,35.08,97,100,16.42,light snow
660,General Roca,AR,-39.0333,-67.5833,45.63,67,92,7.74,overcast clouds
661,Zhangjiakou,CN,40.81,114.8794,59.58,24,0,3.29,clear sky
662,Aksarka,RU,66.5606,67.7975,53.65,51,100,12.57,overcast clouds
663,Charters Towers,AU,-20.1,146.2667,63.84,75,82,5.82,broken clouds
664,Lienz,AT,46.8289,12.769,56.44,97,64,3.49,broken clouds
665,Kumphawapi,TH,17.1087,103.0149,82.89,99,82,5.3,broken clouds
666,Jamsa,FI,61.8642,25.19,48.92,96,100,2.24,overcast clouds
667,Molokovo,RU,58.1661,36.7628,48.85,99,100,5.1,overcast clouds
668,Zeya,RU,53.75,127.2667,57.87,61,100,5.59,overcast clouds
669,College,US,64.8569,-147.8028,65.59,41,75,13.8,broken clouds
670,Atambua,ID,-9.1061,124.8925,71.2,89,100,4.97,overcast clouds
671,Kaspiyskiy,RU,45.3929,47.3707,63.27,55,39,8.1,scattered clouds
672,Meadow Lake,US,34.8014,-106.5436,89.78,8,0,6.93,clear sky
673,Zavodouspenskoye,RU,56.8626,65.0155,53.82,98,100,11.32,moderate rain
674,Mwinilunga,ZM,-11.7358,24.4293,56.1,46,0,4.23,clear sky
675,Itarema,BR,-2.9248,-39.9167,77.16,87,6,8.75,clear sky
676,Laramie,US,41.3114,-105.5911,75.09,17,0,11.5,clear sky
677,Uryupinsk,RU,50.8047,42.0138,57.61,90,100,20.94,overcast clouds
678,Biharamulo,TZ,-2.6319,31.3089,62.6,92,92,2.66,light rain
679,Jaszladany,HU,47.3667,20.1667,66.2,66,72,7.23,broken clouds
680,Nagato,JP,34.3833,131.2,62.11,85,66,7.9,broken clouds
681,Ilebo,CD,-4.3167,20.5833,72.36,76,60,0.63,broken clouds
682,Mlonggo,ID,-6.5333,110.7,77.34,79,96,3.31,heavy intensity rain
683,Kommunisticheskiy,RU,61.6789,64.4819,53.08,98,100,4.32,moderate rain
684,Tynda,RU,55.1667,124.7167,51.76,85,100,6.73,overcast clouds
685,Lethem,GY,3.3803,-59.7968,84.15,72,35,7.16,scattered clouds
686,Oda,JP,35.1833,132.5,63.23,93,92,8.37,overcast clouds
687,Geraldton,AU,-28.7667,114.6,55.81,82,18,11.5,few clouds
688,Zhuanghe,CN,39.7008,122.9911,55.31,73,40,5.17,scattered clouds
689,Santiago,CL,-33.4569,-70.6483,63.28,64,100,16.11,haze
690,Ola,RU,59.5833,151.2833,37.15,99,100,10.63,light rain
691,Masyaf,SY,35.0653,36.3406,69.84,45,0,1.54,clear sky
692,Batsfjord,NO,70.6345,29.7185,44.38,70,75,3.44,broken clouds
693,Opuwo,NA,-18.0607,13.84,62.58,30,0,5.93,clear sky
694,Suffolk,US,40.8668,-72.7996,69.71,71,40,11.5,scattered clouds
695,Avanigadda,IN,16.0215,80.9181,87.15,69,99,8.68,overcast clouds
696,Kapustin Yar,RU,48.5831,45.7372,61.39,61,97,9.22,overcast clouds
697,Astoria,US,46.1879,-123.8313,66.43,84,100,0.0,overcast clouds
698,Avera,US,33.194,-82.5271,80.11,88,100,8.01,light rain
699,Valdez,EC,1.2492,-78.9831,79.88,79,93,9.01,overcast clouds
700,Cochrane,CA,51.1834,-114.4687,69.39,28,100,11.5,overcast clouds
701,Maldonado,UY,-34.6667,-54.9167,54.79,80,3,6.22,clear sky
702,Gympie,AU,-26.1898,152.665,60.19,97,11,3.53,few clouds
703,Samdari,IN,25.8167,72.5833,84.92,62,0,15.84,clear sky
704,Rabo De Peixe,PT,37.8,-25.5833,62.11,82,20,9.22,few clouds
705,Ca Mau,VN,9.1769,105.15,80.82,81,100,8.88,overcast clouds
706,Isla Mujeres,MX,21.2311,-86.731,86.16,79,100,12.57,overcast clouds
707,Millville,US,39.4021,-75.0393,73.35,69,100,8.05,overcast clouds
708,Owase,JP,34.0667,136.2,68.4,92,100,4.63,overcast clouds
709,Atbasar,KZ,51.8,68.3333,57.02,77,62,21.77,broken clouds
710,Vanderhoof,CA,54.0166,-124.0198,56.07,55,100,2.13,overcast clouds
711,Labuhan,ID,-6.8844,112.2051,77.0,82,100,3.06,overcast clouds
712,Darhan,MN,49.4867,105.9228,53.13,69,98,14.12,overcast clouds
713,Izumo,JP,35.3667,132.7667,66.15,96,81,7.83,broken clouds
714,Merta,IN,26.65,74.0333,86.74,46,0,17.69,clear sky
715,Gornyak,RU,50.9942,81.4661,66.85,61,27,2.48,scattered clouds
